EmployeeNumber,Age,Attrition,BusinessTravel,Department,DistanceFromHome,Education,EducationField,EnvironmentSatisfaction,Gender,JobInvolvement,JobLevel,JobRole,JobSatisfactionPrior,JobSatisfaction,MaritalStatus,MonthlyIncome,NumCompaniesWorked,PerformanceRating,ManagerSatisfaction,StockOptionLevel,TotalWorkingYears,TrainingTimesLastYear,WorkLifeBalance,YearsAtCompany,YearsInCurrentRole,YearsSinceLastPromotion,YearsWithCurrManager
1,41,Yes,Travel_Rarely,Sales,1,2,Life Sciences,2,Female,3,2,Sales Executive,4,4,Single,5993,8,3,1,0,8,0,1,6,4,0,5
1504,28,Yes,Travel_Frequently,Research & Development,2,2,Medical,3,Male,2,1,Laboratory Technician,2,1,Single,2561,7,3,3,0,8,2,2,0,0,0,0
1535,34,No,Travel_Rarely,Sales,1,3,Technical Degree,4,Male,2,3,Sales Executive,4,3,Married,7083,1,3,4,0,10,3,3,10,9,8,6
421,38,No,Travel_Rarely,Research & Development,25,2,Life Sciences,1,Female,2,3,Research Director,3,2,Married,12061,3,3,3,1,19,2,3,10,8,0,1
652,35,No,Travel_Rarely,Research & Development,25,2,Other,1,Male,2,2,Laboratory Technician,4,4,Single,3681,4,3,4,0,9,3,3,3,2,0,2
349,29,No,Travel_Rarely,Sales,20,2,Marketing,4,Male,3,2,Sales Executive,4,4,Divorced,6931,2,3,4,1,10,2,3,3,2,0,2
297,30,Yes,Travel_Rarely,Research & Development,3,3,Technical Degree,4,Female,3,1,Research Scientist,2,1,Single,2657,5,3,3,0,8,5,3,5,2,0,4
2017,37,No,Travel_Rarely,Research & Development,10,3,Life Sciences,3,Female,4,3,Research Director,4,4,Married,13744,1,4,1,1,16,2,3,16,11,6,8
179,51,Yes,Travel_Frequently,Research & Development,8,4,Life Sciences,1,Male,1,3,Manufacturing Director,4,4,Single,10650,2,3,4,0,18,2,3,4,2,0,3
1907,56,Yes,Travel_Rarely,Research & Development,24,2,Life Sciences,1,Male,3,1,Laboratory Technician,4,4,Single,2587,1,3,4,0,5,3,3,4,2,1,0
1234,32,No,Travel_Frequently,Research & Development,13,3,Other,3,Female,2,1,Laboratory Technician,3,2,Married,2743,1,4,3,1,2,2,3,2,2,2,2
1807,34,Yes,Travel_Frequently,Research & Development,9,4,Life Sciences,4,Male,3,2,Laboratory Technician,2,1,Married,5346,4,3,3,1,11,3,2,7,1,0,7
1267,44,No,Travel_Rarely,Sales,5,3,Marketing,2,Male,3,5,Manager,3,2,Married,18213,7,3,3,1,26,5,3,22,9,3,10
705,23,No,Travel_Rarely,Research & Development,4,3,Medical,1,Male,4,1,Research Scientist,2,1,Married,2819,2,3,1,1,5,3,4,3,2,0,2
725,27,No,Travel_Rarely,Research & Development,1,2,Life Sciences,3,Female,3,3,Manufacturing Director,2,1,Married,7412,1,3,4,0,9,3,3,9,7,0,7
83,36,No,Travel_Rarely,Research & Development,8,3,Technical Degree,3,Female,3,3,Healthcare Representative,4,3,Divorced,10096,1,3,2,3,17,2,3,17,14,12,8
1790,36,No,Travel_Rarely,Research & Development,10,3,Life Sciences,4,Male,3,3,Healthcare Representative,2,1,Married,8321,7,3,4,1,15,1,3,12,8,5,7
1965,27,No,Travel_Rarely,Sales,9,3,Marketing,4,Male,3,2,Sales Executive,4,4,Single,4105,1,3,1,0,7,5,3,7,7,0,7
1025,41,No,Travel_Rarely,Research & Development,7,2,Medical,4,Female,3,2,Manufacturing Director,4,3,Single,5003,6,3,2,0,8,6,3,2,2,2,1
743,38,No,Travel_Rarely,Research & Development,1,3,Life Sciences,3,Female,3,3,Manufacturing Director,4,3,Single,7861,4,3,4,0,10,4,4,1,0,0,0
328,33,Yes,Travel_Rarely,Research & Development,2,2,Life Sciences,1,Female,3,1,Laboratory Technician,2,1,Married,2707,7,4,1,0,13,3,4,9,7,1,7
1445,24,No,Travel_Rarely,Sales,4,1,Medical,4,Female,3,2,Sales Executive,4,3,Married,4162,1,3,3,2,5,3,3,5,4,0,3
2013,32,No,Travel_Rarely,Sales,1,4,Medical,2,Male,2,1,Sales Representative,3,2,Married,2269,0,3,2,1,3,2,3,2,2,2,2
1281,34,No,Travel_Rarely,Sales,2,3,Marketing,3,Female,3,2,Sales Executive,2,1,Single,4538,0,3,4,0,4,3,3,3,2,0,2
1778,43,No,Travel_Rarely,Human Resources,2,3,Life Sciences,2,Male,3,1,Human Resources,4,4,Single,3539,0,3,2,0,10,5,3,9,7,1,8
826,35,No,Travel_Rarely,Research & Development,1,4,Life Sciences,4,Female,4,1,Research Scientist,4,3,Single,2506,3,3,3,0,7,0,3,2,2,2,2
710,29,No,Travel_Frequently,Research & Development,1,4,Life Sciences,2,Male,1,1,Research Scientist,4,4,Divorced,2720,1,3,4,1,10,5,3,10,7,2,8
1344,34,No,Travel_Rarely,Research & Development,9,3,Life Sciences,4,Male,3,3,Healthcare Representative,4,4,Divorced,8500,0,3,4,1,10,0,2,9,7,1,6
63,35,No,Travel_Rarely,Research & Development,8,1,Life Sciences,4,Male,4,1,Laboratory Technician,4,4,Married,2269,1,3,4,0,1,2,3,1,0,0,1
664,48,No,Travel_Rarely,Research & Development,1,4,Life Sciences,4,Female,2,4,Manager,2,1,Married,15402,7,3,1,1,21,3,1,3,2,0,2
680,30,No,Travel_Frequently,Research & Development,3,3,Medical,3,Female,3,1,Research Scientist,4,3,Divorced,2083,1,4,3,1,1,2,3,1,0,0,0
1545,33,No,Travel_Rarely,Research & Development,25,3,Life Sciences,4,Male,2,2,Manufacturing Director,3,2,Single,4320,1,3,4,0,5,2,3,5,3,0,2
1937,38,No,Travel_Frequently,Research & Development,8,3,Medical,4,Female,2,2,Research Scientist,3,2,Divorced,2133,1,3,3,1,20,3,3,20,11,0,7
164,26,No,Travel_Rarely,Research & Development,6,3,Other,3,Female,2,1,Research Scientist,3,2,Married,2368,1,3,3,0,5,3,2,5,4,4,3
183,25,No,Travel_Rarely,Sales,28,3,Life Sciences,1,Male,2,2,Sales Executive,4,3,Married,8639,2,3,4,0,6,3,3,2,2,2,2
846,28,No,Travel_Rarely,Sales,2,4,Marketing,2,Female,3,2,Sales Executive,3,2,Married,4779,1,4,1,0,8,2,3,8,7,7,5
754,43,No,Travel_Frequently,Sales,15,3,Life Sciences,4,Male,2,2,Sales Executive,4,4,Married,6804,3,3,3,1,7,5,3,2,2,2,2
1633,39,No,Travel_Frequently,Research & Development,4,3,Medical,1,Female,3,2,Manufacturing Director,4,3,Single,5042,0,3,4,0,10,2,1,9,2,3,8
340,37,No,Travel_Rarely,Research & Development,1,2,Medical,3,Female,2,1,Research Scientist,2,1,Married,3920,2,3,1,1,17,2,2,3,1,0,2
1975,39,No,Travel_Rarely,Sales,15,4,Marketing,2,Male,3,4,Sales Executive,2,1,Single,13341,0,3,1,0,21,3,3,20,8,11,10
1827,47,No,Travel_Rarely,Research & Development,4,3,Life Sciences,3,Female,2,3,Manufacturing Director,3,2,Divorced,10333,8,3,3,1,28,4,3,22,11,14,10
1190,32,No,Non-Travel,Sales,2,1,Life Sciences,3,Female,3,1,Sales Representative,2,1,Divorced,2827,1,3,3,3,1,3,3,1,0,0,0
440,28,Yes,Travel_Rarely,Research & Development,2,4,Medical,1,Male,1,1,Research Scientist,4,4,Married,3464,5,3,4,0,5,4,2,3,2,2,2
412,28,No,Travel_Rarely,Research & Development,16,2,Medical,2,Male,4,2,Healthcare Representative,2,1,Single,5661,0,3,3,0,9,2,3,8,3,0,7
1839,18,No,Non-Travel,Research & Development,14,3,Medical,2,Female,3,1,Research Scientist,4,3,Single,1514,1,3,3,0,0,4,1,0,0,0,0
1259,27,No,Travel_Rarely,Research & Development,4,2,Life Sciences,1,Male,3,1,Research Scientist,4,3,Divorced,2517,1,3,2,3,5,2,3,5,3,0,3
153,34,No,Travel_Rarely,Research & Development,5,3,Medical,3,Female,2,3,Manager,2,1,Single,11631,2,3,4,0,14,6,3,11,10,5,8
885,25,No,Travel_Rarely,Sales,4,1,Marketing,3,Male,2,2,Sales Executive,2,1,Married,4256,1,3,1,0,5,1,4,5,2,0,3
1527,46,No,Travel_Rarely,Sales,3,3,Life Sciences,3,Female,3,4,Manager,3,2,Married,16606,8,3,4,1,23,2,4,13,12,5,1
492,40,Yes,Travel_Rarely,Sales,22,2,Marketing,3,Male,2,2,Sales Executive,4,3,Married,6380,2,3,1,2,8,6,3,6,4,1,0
783,45,No,Travel_Rarely,Sales,2,2,Technical Degree,2,Male,1,2,Sales Representative,4,3,Single,6632,0,3,1,0,9,3,3,8,7,3,1
1202,29,No,Travel_Rarely,Research & Development,15,1,Life Sciences,2,Female,1,1,Research Scientist,4,4,Married,2168,0,3,1,1,6,2,2,5,4,1,3
1697,60,No,Travel_Rarely,Research & Development,1,4,Medical,3,Male,1,3,Healthcare Representative,4,4,Divorced,10883,3,4,3,1,19,2,4,1,0,0,0
309,59,No,Travel_Rarely,Research & Development,3,3,Life Sciences,3,Male,2,1,Research Scientist,4,4,Married,2177,3,3,1,1,7,6,3,1,0,0,0
2038,32,No,Travel_Rarely,Research & Development,2,3,Technical Degree,4,Male,3,1,Research Scientist,2,1,Single,2439,1,3,4,0,4,4,3,4,2,1,2
1397,39,No,Non-Travel,Research & Development,25,2,Life Sciences,3,Male,3,3,Healthcare Representative,4,3,Married,10920,3,4,2,1,13,2,3,6,4,0,5
176,41,No,Travel_Rarely,Sales,9,1,Life Sciences,3,Male,3,3,Sales Executive,4,3,Divorced,8189,3,3,3,1,12,2,3,9,7,0,7
2026,56,No,Non-Travel,Research & Development,1,4,Life Sciences,3,Male,3,2,Healthcare Representative,4,3,Divorced,6306,1,4,1,1,13,2,2,13,12,1,9
473,48,No,Travel_Rarely,Sales,29,1,Medical,1,Female,3,3,Manager,4,3,Married,12504,3,4,2,1,15,3,1,0,0,0,0
639,24,No,Travel_Rarely,Research & Development,23,3,Medical,2,Male,4,1,Research Scientist,4,4,Married,2725,1,3,2,2,6,3,3,6,5,1,4
1635,45,No,Travel_Rarely,Research & Development,2,2,Other,4,Female,2,2,Manufacturing Director,4,4,Divorced,5770,1,3,1,2,10,3,3,10,7,3,9
847,34,No,Travel_Rarely,Human Resources,3,2,Human Resources,3,Male,3,1,Human Resources,4,4,Married,3737,0,3,3,1,4,1,1,3,2,0,2
112,56,No,Travel_Rarely,Research & Development,7,3,Life Sciences,4,Male,1,3,Manufacturing Director,4,4,Single,7260,4,3,1,0,37,3,2,6,4,0,2
776,52,No,Travel_Rarely,Sales,3,4,Marketing,3,Male,2,4,Manager,2,1,Married,16856,1,3,1,0,34,3,4,34,6,1,16
1257,36,No,Travel_Frequently,Research & Development,3,3,Technical Degree,3,Male,3,1,Research Scientist,3,2,Married,3692,1,3,3,0,12,2,2,11,10,0,7
842,55,Yes,Travel_Rarely,Sales,2,1,Medical,3,Male,3,2,Sales Executive,4,4,Single,5160,4,3,3,0,12,3,2,9,7,7,3
407,36,No,Travel_Frequently,Research & Development,18,4,Life Sciences,3,Male,4,1,Laboratory Technician,4,4,Married,3688,4,3,4,2,4,2,3,1,0,0,0
785,47,Yes,Travel_Frequently,Sales,27,2,Life Sciences,2,Female,4,2,Sales Executive,4,3,Single,6397,4,3,4,0,8,2,3,5,4,1,3
1042,36,Yes,Travel_Rarely,Research & Development,16,4,Life Sciences,3,Female,4,1,Laboratory Technician,3,1,Single,2743,1,3,3,0,18,1,3,17,13,15,14
982,30,No,Travel_Rarely,Sales,8,2,Other,3,Male,3,3,Sales Executive,4,3,Divorced,7264,5,3,1,1,10,2,4,8,4,7,7
1289,34,No,Travel_Frequently,Human Resources,11,3,Life Sciences,3,Male,2,2,Human Resources,3,2,Married,4490,4,3,4,2,14,5,4,10,9,1,8
1909,41,No,Travel_Rarely,Sales,8,3,Marketing,3,Female,3,2,Sales Executive,4,2,Married,4393,5,4,3,1,14,3,3,5,4,1,4
499,49,No,Travel_Rarely,Research & Development,7,3,Other,2,Male,2,3,Healthcare Representative,4,3,Single,10965,8,4,3,0,26,2,3,5,2,0,0
918,58,Yes,Travel_Frequently,Research & Development,2,1,Life Sciences,4,Male,2,1,Laboratory Technician,4,4,Divorced,2380,9,3,4,1,3,3,2,1,0,0,0
118,46,Yes,Travel_Rarely,Sales,9,2,Medical,3,Male,2,3,Sales Executive,4,4,Single,9619,1,3,4,0,9,3,3,9,8,4,7
106,55,No,Travel_Rarely,Sales,1,2,Life Sciences,1,Male,3,3,Sales Executive,4,4,Married,10239,3,3,4,1,24,4,3,1,0,1,0
638,49,No,Travel_Rarely,Research & Development,18,4,Life Sciences,4,Male,2,5,Research Director,4,3,Divorced,19502,1,3,3,1,31,5,3,31,9,0,9
269,35,No,Travel_Frequently,Research & Development,2,3,Medical,2,Female,3,2,Laboratory Technician,3,2,Single,4425,5,3,4,0,10,5,3,6,2,1,2
486,37,No,Travel_Rarely,Research & Development,10,3,Medical,3,Female,3,1,Laboratory Technician,2,1,Married,3452,6,4,2,1,17,3,3,5,4,0,3
956,26,No,Travel_Frequently,Sales,1,3,Medical,3,Male,2,2,Sales Executive,2,1,Single,4294,1,3,2,0,7,2,3,7,7,0,7
126,54,No,Travel_Rarely,Research & Development,2,4,Technical Degree,1,Female,3,3,Research Director,4,3,Married,13549,9,3,1,1,16,5,1,4,3,0,3
2055,50,Yes,Travel_Rarely,Sales,28,3,Marketing,4,Male,2,3,Sales Executive,2,1,Divorced,10854,4,3,2,1,20,3,3,3,2,2,0
1180,40,No,Travel_Frequently,Research & Development,26,2,Medical,3,Female,2,2,Research Scientist,4,4,Married,4422,3,3,4,1,16,3,1,1,1,0,0
2040,35,No,Travel_Rarely,Human Resources,26,4,Life Sciences,3,Female,3,3,Human Resources,4,4,Single,8837,1,3,3,0,9,2,3,9,0,1,7
2032,56,Yes,Travel_Rarely,Research & Development,7,2,Technical Degree,4,Male,3,1,Laboratory Technician,4,3,Married,2339,8,3,4,1,14,4,1,10,9,9,8
26,24,No,Non-Travel,Research & Development,11,2,Other,1,Female,4,2,Manufacturing Director,4,3,Divorced,4011,0,3,4,1,5,5,2,4,2,1,3
881,35,Yes,Travel_Frequently,Research & Development,25,4,Life Sciences,4,Female,3,1,Research Scientist,3,2,Divorced,2022,1,3,1,1,10,3,2,10,2,7,8
1551,24,No,Travel_Rarely,Research & Development,21,2,Technical Degree,3,Male,2,1,Laboratory Technician,2,1,Divorced,2296,0,3,2,3,2,3,3,1,1,0,0
941,31,No,Travel_Rarely,Sales,7,4,Life Sciences,2,Male,2,1,Sales Representative,4,3,Married,2329,3,3,2,0,13,2,4,7,7,5,2
1587,35,No,Travel_Rarely,Research & Development,10,4,Medical,1,Female,3,2,Healthcare Representative,4,3,Single,6142,3,3,3,0,10,4,3,5,2,0,4
1228,46,No,Travel_Rarely,Research & Development,2,4,Technical Degree,4,Male,3,2,Manufacturing Director,4,4,Divorced,7379,2,3,3,1,12,3,2,6,3,1,4
2019,52,No,Non-Travel,Sales,29,4,Life Sciences,1,Male,3,1,Sales Representative,4,4,Divorced,3482,2,3,2,2,16,3,2,9,8,0,0
1241,30,No,Travel_Rarely,Research & Development,1,3,Medical,4,Male,3,1,Research Scientist,3,2,Married,3579,0,4,1,1,12,2,3,11,9,5,7
1659,36,No,Travel_Rarely,Research & Development,7,3,Life Sciences,1,Male,3,1,Laboratory Technician,3,2,Single,2013,2,3,3,0,15,4,3,4,3,1,3
662,38,No,Travel_Rarely,Research & Development,1,1,Life Sciences,3,Female,3,1,Research Scientist,2,1,Single,2619,3,3,4,0,8,3,2,0,0,0,0
832,40,No,Travel_Frequently,Research & Development,16,4,Medical,1,Male,2,2,Laboratory Technician,4,3,Single,5094,6,3,4,0,10,6,3,1,0,0,0
1179,30,No,Travel_Rarely,Sales,10,3,Marketing,3,Male,2,2,Sales Executive,4,3,Married,6578,1,3,1,1,10,3,3,10,3,1,4
1681,33,No,Non-Travel,Sales,16,3,Life Sciences,3,Female,3,2,Sales Executive,4,4,Divorced,5368,1,4,3,1,7,2,3,6,5,1,2
513,36,No,Travel_Rarely,Sales,2,2,Medical,2,Male,2,3,Sales Executive,4,3,Married,7596,1,3,2,2,10,2,3,10,9,9,0
972,45,No,Non-Travel,Research & Development,4,2,Life Sciences,3,Male,3,2,Laboratory Technician,3,2,Married,4447,1,3,2,0,9,5,2,9,7,0,8
72,26,No,Travel_Rarely,Sales,23,3,Marketing,3,Female,2,2,Sales Executive,4,4,Married,4157,7,3,3,1,5,2,2,2,2,0,0
312,29,No,Travel_Frequently,Sales,1,1,Medical,2,Female,3,3,Sales Executive,4,4,Married,7918,1,3,4,1,11,5,3,11,10,4,1
1885,37,No,Travel_Rarely,Research & Development,7,4,Medical,4,Male,3,2,Research Scientist,2,1,Married,4284,5,4,3,1,16,2,3,5,3,0,4
514,30,Yes,Travel_Frequently,Research & Development,4,3,Technical Degree,3,Male,3,1,Research Scientist,4,4,Single,2285,9,4,3,0,3,4,3,1,0,0,0
1866,43,No,Travel_Rarely,Research & Development,6,3,Medical,1,Female,2,5,Manager,4,3,Married,19392,7,3,4,0,21,2,3,16,12,6,14
1412,35,No,Travel_Frequently,Research & Development,18,2,Life Sciences,3,Male,3,3,Manufacturing Director,4,4,Single,9362,2,3,3,0,10,2,3,2,2,2,2
1496,44,No,Travel_Frequently,Research & Development,2,1,Medical,2,Male,3,3,Manufacturing Director,4,3,Single,10209,5,3,2,0,16,2,2,2,2,2,2
1481,44,No,Travel_Frequently,Sales,1,5,Marketing,1,Female,3,2,Sales Executive,4,3,Married,4768,7,3,3,1,11,4,2,1,0,0,0
803,38,No,Travel_Frequently,Research & Development,2,4,Life Sciences,1,Female,4,2,Manufacturing Director,2,1,Single,5980,6,3,4,0,17,2,3,15,7,4,12
1849,43,No,Travel_Frequently,Sales,2,4,Life Sciences,1,Male,3,2,Sales Executive,4,4,Married,5675,1,4,3,1,7,5,3,7,7,7,7
465,23,No,Travel_Rarely,Research & Development,26,1,Life Sciences,3,Male,3,1,Research Scientist,4,4,Divorced,2904,1,3,3,2,4,2,2,4,2,0,2
1003,47,No,Travel_Rarely,Sales,4,2,Life Sciences,4,Female,3,2,Sales Executive,4,4,Single,4163,1,3,3,0,9,0,3,9,0,0,7
1918,26,No,Travel_Frequently,Research & Development,6,3,Other,3,Male,4,1,Laboratory Technician,4,4,Married,2544,0,3,1,1,8,3,3,7,7,7,7
501,36,No,Travel_Rarely,Research & Development,2,3,Life Sciences,4,Female,3,1,Research Scientist,4,3,Married,2543,4,3,2,1,6,3,3,2,2,2,2
1835,38,No,Travel_Rarely,Sales,2,4,Marketing,2,Female,1,2,Sales Representative,4,4,Married,5405,2,4,1,2,20,4,2,4,2,0,3
1501,55,No,Travel_Rarely,Research & Development,4,4,Life Sciences,4,Male,3,2,Healthcare Representative,4,3,Married,4035,0,3,2,0,4,2,3,3,2,1,2
1082,28,Yes,Non-Travel,Research & Development,24,2,Technical Degree,2,Male,2,3,Healthcare Representative,2,1,Single,8722,1,3,1,0,10,2,2,10,7,1,9
1541,34,No,Travel_Rarely,Sales,7,2,Technical Degree,2,Male,3,1,Sales Representative,4,3,Married,2308,0,4,2,1,12,4,3,11,10,5,7
355,31,Yes,Travel_Frequently,Research & Development,29,2,Medical,3,Male,2,1,Laboratory Technician,3,2,Single,3479,0,3,2,0,6,2,4,5,4,1,4
977,58,Yes,Travel_Rarely,Research & Development,2,3,Technical Degree,4,Male,3,1,Research Scientist,4,3,Single,2479,4,4,1,0,7,4,3,1,0,0,0
1492,35,No,Travel_Rarely,Sales,7,1,Life Sciences,4,Male,3,1,Sales Representative,4,3,Married,2404,1,3,1,1,1,3,3,1,0,0,0
2014,39,No,Travel_Rarely,Research & Development,24,1,Life Sciences,1,Male,3,2,Research Scientist,4,4,Single,4108,7,3,1,0,18,2,3,7,7,1,7
771,35,No,Non-Travel,Research & Development,2,4,Life Sciences,4,Female,3,2,Healthcare Representative,2,1,Divorced,5093,2,3,1,1,16,2,4,1,0,0,0
1943,42,No,Travel_Rarely,Sales,12,4,Marketing,2,Male,3,2,Sales Executive,4,4,Divorced,5087,3,3,3,2,14,4,3,0,0,0,0
1338,56,No,Travel_Rarely,Human Resources,8,4,Life Sciences,4,Male,3,5,Manager,3,2,Single,19717,6,3,1,0,36,4,3,7,3,7,7
970,37,Yes,Travel_Rarely,Sales,1,4,Life Sciences,1,Male,2,3,Sales Executive,4,3,Married,10609,5,3,3,0,17,2,1,14,1,11,7
5,33,No,Travel_Frequently,Research & Development,3,4,Life Sciences,4,Female,3,1,Research Scientist,4,3,Married,2909,1,3,3,0,8,3,3,8,7,3,0
1009,24,No,Travel_Rarely,Research & Development,17,1,Medical,4,Female,2,2,Manufacturing Director,4,3,Divorced,4377,1,3,2,2,5,6,3,4,2,3,2
1243,35,No,Non-Travel,Sales,8,2,Marketing,3,Female,2,3,Sales Executive,4,4,Married,10377,4,3,2,1,16,6,2,13,2,4,12
813,52,No,Travel_Rarely,Research & Development,11,4,Life Sciences,4,Female,3,2,Laboratory Technician,4,3,Married,3149,8,4,2,1,9,3,3,5,2,1,4
1954,29,No,Travel_Rarely,Research & Development,1,3,Life Sciences,1,Male,3,2,Healthcare Representative,2,1,Married,5373,0,3,1,1,6,5,2,5,3,0,2
865,32,No,Travel_Rarely,Research & Development,8,2,Medical,3,Female,4,2,Research Scientist,4,3,Married,5175,5,3,3,1,9,3,2,5,3,1,3
1701,34,No,Travel_Rarely,Research & Development,19,3,Life Sciences,2,Female,2,1,Research Scientist,4,4,Married,2929,1,3,2,0,10,3,3,10,9,8,7
816,29,Yes,Travel_Rarely,Research & Development,1,2,Life Sciences,2,Female,2,1,Laboratory Technician,2,1,Married,2319,1,3,4,1,1,1,3,1,0,0,0
397,36,No,Travel_Rarely,Research & Development,3,3,Technical Degree,3,Male,3,2,Research Scientist,3,2,Single,4485,4,3,4,0,10,2,3,8,0,7,7
1389,31,Yes,Travel_Rarely,Research & Development,22,4,Medical,4,Male,3,2,Manufacturing Director,4,3,Married,6179,1,3,4,2,10,3,2,10,2,6,7
388,29,No,Travel_Frequently,Sales,2,2,Life Sciences,2,Male,3,2,Sales Executive,4,4,Single,4554,1,3,1,0,10,3,2,10,7,0,9
2046,45,No,Travel_Rarely,Sales,20,3,Life Sciences,4,Female,3,2,Sales Executive,4,3,Single,4850,8,3,3,0,8,3,3,5,3,0,1
1955,32,No,Non-Travel,Research & Development,15,4,Medical,3,Female,3,2,Healthcare Representative,4,4,Divorced,6667,5,3,2,1,9,6,3,5,1,1,2
36,44,No,Travel_Rarely,Research & Development,7,4,Medical,1,Female,2,3,Healthcare Representative,4,4,Married,10248,3,3,4,1,24,4,3,22,6,5,17
773,38,No,Travel_Rarely,Research & Development,2,5,Medical,4,Male,3,1,Research Scientist,4,3,Married,3057,6,3,2,1,6,0,1,1,0,0,1
1700,37,No,Travel_Frequently,Sales,1,4,Medical,3,Male,1,2,Sales Executive,4,4,Divorced,9525,1,3,3,2,6,2,2,6,3,1,3
100,35,No,Travel_Rarely,Sales,1,4,Marketing,3,Male,2,2,Sales Executive,2,1,Single,4312,0,3,2,0,16,2,3,15,13,2,8
1478,34,No,Travel_Rarely,Sales,3,3,Other,4,Male,1,2,Sales Executive,2,1,Single,4759,3,3,4,0,15,2,3,13,9,3,12
867,52,No,Travel_Frequently,Research & Development,25,4,Medical,3,Female,2,4,Manufacturing Director,4,4,Married,13826,3,4,3,0,31,3,3,9,8,0,0
1239,40,No,Travel_Rarely,Sales,10,3,Technical Degree,2,Female,2,2,Sales Executive,3,2,Divorced,6852,7,3,2,1,7,2,4,5,1,1,3
238,36,No,Travel_Frequently,Research & Development,3,2,Medical,4,Male,3,1,Laboratory Technician,3,2,Single,2088,4,3,3,0,13,3,2,8,7,7,2
330,32,No,Travel_Rarely,Sales,4,2,Life Sciences,3,Female,3,1,Sales Representative,3,2,Married,3931,2,3,1,1,6,5,3,4,3,1,2
1132,39,No,Non-Travel,Research & Development,9,3,Life Sciences,3,Male,3,2,Laboratory Technician,3,2,Single,6782,9,3,3,0,9,2,2,5,4,0,3
372,45,No,Travel_Rarely,Research & Development,20,2,Medical,3,Male,3,4,Healthcare Representative,4,4,Married,13496,0,3,2,0,21,2,3,20,7,4,10
797,34,No,Travel_Rarely,Research & Development,1,4,Life Sciences,2,Female,4,1,Research Scientist,4,4,Single,3280,2,3,3,0,10,2,3,4,2,1,3
1487,29,Yes,Travel_Frequently,Sales,13,3,Technical Degree,1,Female,3,2,Sales Executive,3,2,Single,5765,5,3,1,0,7,4,1,5,3,0,0
1127,39,Yes,Travel_Frequently,Research & Development,2,3,Life Sciences,1,Male,3,4,Healthcare Representative,4,4,Divorced,12169,7,3,4,3,21,4,3,18,7,11,5
491,50,No,Travel_Rarely,Research & Development,10,3,Technical Degree,4,Male,2,3,Healthcare Representative,3,4,Single,10496,6,3,4,0,20,2,3,4,3,1,3
12,38,No,Travel_Frequently,Research & Development,23,3,Life Sciences,4,Male,2,3,Manufacturing Director,4,3,Single,9526,0,4,2,0,10,2,3,9,7,1,8
1461,31,No,Travel_Rarely,Human Resources,8,2,Medical,4,Female,4,1,Human Resources,3,2,Single,2109,9,3,4,0,8,3,3,3,2,0,2
35,42,No,Travel_Rarely,Sales,8,4,Marketing,3,Male,3,2,Sales Executive,3,2,Married,6825,0,3,4,1,10,2,3,9,7,4,2
165,58,Yes,Travel_Rarely,Research & Development,23,4,Medical,4,Female,3,3,Healthcare Representative,3,4,Married,10312,1,3,4,1,40,3,2,40,10,15,6
1966,32,No,Travel_Rarely,Research & Development,5,4,Life Sciences,4,Male,2,2,Manufacturing Director,3,4,Single,9679,8,4,2,0,8,1,3,1,0,0,0
102,37,No,Travel_Rarely,Research & Development,7,4,Medical,1,Male,3,3,Research Director,4,3,Single,13664,4,3,1,0,16,3,4,5,2,0,2
1495,24,No,Non-Travel,Sales,13,2,Life Sciences,4,Female,3,1,Sales Representative,3,2,Married,2033,1,3,3,1,1,2,3,1,0,0,0
298,41,No,Travel_Rarely,Sales,6,3,Life Sciences,4,Female,3,3,Manager,3,4,Single,13591,3,3,3,0,16,3,3,1,0,0,0
1160,31,Yes,Travel_Frequently,Research & Development,15,3,Medical,3,Male,3,1,Laboratory Technician,4,3,Married,2610,1,3,3,1,2,5,2,2,2,2,2
23,53,No,Travel_Rarely,Sales,2,4,Life Sciences,1,Female,2,4,Manager,3,4,Married,15427,2,3,3,0,31,3,3,25,8,3,7
2025,36,No,Travel_Frequently,Research & Development,4,2,Life Sciences,4,Female,3,2,Manufacturing Director,3,2,Divorced,5131,7,3,2,3,18,3,3,4,2,0,2
430,43,No,Travel_Frequently,Research & Development,10,4,Life Sciences,3,Female,3,1,Laboratory Technician,3,4,Single,2455,0,3,1,0,9,5,3,8,7,1,7
1802,40,No,Travel_Rarely,Research & Development,2,2,Life Sciences,3,Female,3,1,Laboratory Technician,1,1,Married,3377,4,3,4,1,7,5,2,4,3,0,2
522,54,No,Travel_Rarely,Research & Development,5,2,Medical,1,Male,3,5,Research Director,1,1,Married,19406,4,3,3,1,24,4,2,4,2,1,2
1588,39,No,Travel_Rarely,Sales,6,3,Medical,4,Male,4,3,Sales Executive,3,3,Married,8237,2,3,1,1,11,3,3,7,6,7,6
1113,50,Yes,Travel_Frequently,Sales,1,4,Other,4,Male,3,2,Sales Executive,3,3,Single,4728,3,3,4,0,5,4,3,0,0,0,0
2049,35,No,Travel_Frequently,Research & Development,18,4,Life Sciences,3,Male,3,2,Healthcare Representative,3,3,Married,5689,1,3,4,2,10,2,4,10,2,0,2
327,43,No,Travel_Rarely,Sales,16,3,Marketing,4,Female,3,4,Manager,3,4,Married,16064,5,4,3,1,22,3,3,17,13,1,9
1553,45,No,Travel_Rarely,Research & Development,1,4,Technical Degree,1,Male,3,3,Healthcare Representative,2,2,Divorced,7441,1,3,1,3,10,4,3,10,8,7,7
1826,35,No,Travel_Rarely,Research & Development,23,4,Medical,2,Male,1,1,Laboratory Technician,3,3,Married,2705,0,3,2,1,6,2,4,5,4,0,3
1292,42,No,Travel_Rarely,Research & Development,7,4,Medical,2,Female,4,2,Research Scientist,2,2,Married,2372,6,3,4,0,18,2,3,1,0,0,0
666,34,No,Travel_Rarely,Sales,14,3,Technical Degree,3,Female,3,1,Sales Representative,3,3,Divorced,2579,1,3,4,2,8,3,3,8,2,0,6
565,29,Yes,Travel_Rarely,Research & Development,25,5,Technical Degree,3,Female,2,1,Research Scientist,2,2,Married,2546,5,3,2,0,6,2,4,2,2,1,1
690,29,No,Travel_Rarely,Sales,3,2,Medical,2,Female,3,2,Sales Executive,3,3,Married,5561,1,3,1,1,6,5,2,6,0,1,2
2016,32,No,Travel_Rarely,Sales,1,4,Marketing,3,Female,3,3,Sales Executive,3,4,Married,10422,1,3,3,2,14,3,3,14,10,5,7
315,29,Yes,Travel_Rarely,Research & Development,18,1,Medical,3,Male,2,1,Research Scientist,3,4,Single,2389,1,3,3,0,4,3,2,4,3,0,1
1982,23,No,Travel_Rarely,Research & Development,12,2,Other,4,Male,3,1,Laboratory Technician,3,4,Single,2647,1,3,3,0,5,6,4,5,2,1,4
1118,52,No,Travel_Rarely,Research & Development,7,4,Life Sciences,2,Male,3,3,Healthcare Representative,2,2,Single,10445,7,3,4,0,18,4,3,8,6,4,0
325,33,Yes,Travel_Rarely,Research & Development,14,3,Medical,3,Male,3,1,Laboratory Technician,3,4,Married,2436,5,3,3,1,8,2,1,5,4,0,4
1871,39,No,Travel_Rarely,Research & Development,19,4,Other,4,Male,3,2,Research Scientist,3,4,Divorced,3902,8,3,2,3,7,2,3,2,2,2,2
701,20,Yes,Travel_Rarely,Research & Development,10,1,Medical,4,Male,3,1,Research Scientist,3,3,Single,1009,1,3,4,0,1,5,3,1,0,1,1
101,45,No,Travel_Rarely,Research & Development,6,4,Other,4,Male,3,3,Research Director,1,1,Married,13245,4,3,2,0,17,3,4,0,0,0,0
252,33,No,Travel_Rarely,Research & Development,14,3,Medical,4,Female,3,1,Research Scientist,2,2,Married,2756,1,3,4,1,8,5,3,8,7,1,6
1623,21,No,Travel_Rarely,Research & Development,5,1,Medical,3,Male,3,1,Research Scientist,3,4,Single,3117,1,3,3,0,3,2,3,2,2,2,2
1459,31,Yes,Travel_Frequently,Research & Development,1,5,Life Sciences,3,Female,4,3,Manufacturing Director,2,2,Single,7446,1,3,1,0,10,2,3,10,8,4,7
1758,33,Yes,Travel_Rarely,Sales,16,3,Life Sciences,1,Female,3,3,Sales Executive,1,1,Single,8564,2,4,3,0,11,2,2,0,0,0,0
1709,29,No,Travel_Rarely,Research & Development,9,4,Medical,4,Female,3,1,Laboratory Technician,3,3,Married,2974,9,3,3,1,9,2,3,5,3,1,2
901,53,No,Travel_Rarely,Research & Development,23,4,Life Sciences,4,Female,3,4,Research Director,3,4,Single,14275,6,3,3,0,33,0,3,12,9,3,8
1552,40,No,Non-Travel,Research & Development,8,2,Life Sciences,4,Male,3,2,Healthcare Representative,3,4,Divorced,4069,3,3,3,0,8,2,3,2,2,2,2
231,32,No,Travel_Rarely,Research & Development,6,5,Life Sciences,3,Male,3,1,Research Scientist,3,3,Single,3038,3,4,1,0,8,2,3,5,4,1,4
1850,27,No,Travel_Frequently,Research & Development,5,2,Life Sciences,4,Female,3,1,Laboratory Technician,3,4,Single,2379,0,3,3,0,6,3,2,5,4,0,2
615,40,No,Non-Travel,Sales,28,3,Other,3,Male,1,3,Sales Executive,1,1,Divorced,10932,3,3,3,1,20,2,3,1,0,0,1
1306,45,No,Travel_Frequently,Research & Development,25,3,Medical,2,Female,3,5,Manager,2,2,Single,18061,3,4,3,0,22,4,3,0,0,0,0
1809,37,Yes,Travel_Rarely,Research & Development,10,4,Medical,4,Male,3,2,Manufacturing Director,1,1,Single,4213,1,3,2,0,10,4,1,10,3,0,8
1578,55,No,Travel_Rarely,Sales,26,5,Marketing,3,Male,2,5,Manager,3,4,Married,19586,1,4,3,1,36,3,3,36,6,2,13
1560,33,No,Travel_Rarely,Sales,8,4,Life Sciences,1,Male,3,2,Sales Executive,1,1,Married,6392,2,3,4,1,8,6,1,2,2,2,2
641,26,No,Travel_Rarely,Sales,28,2,Marketing,1,Male,3,2,Sales Executive,2,2,Married,6272,1,4,4,2,6,5,4,5,3,1,4
152,37,No,Travel_Rarely,Sales,3,3,Life Sciences,3,Male,3,3,Sales Executive,3,4,Single,7428,2,3,1,0,12,3,3,5,3,1,3
1162,27,No,Travel_Rarely,Research & Development,6,3,Life Sciences,4,Male,2,1,Research Scientist,3,3,Married,2539,1,3,3,1,4,0,3,4,2,2,2
230,38,No,Travel_Rarely,Sales,1,4,Life Sciences,1,Female,2,2,Sales Executive,3,4,Single,8686,4,4,3,0,12,2,4,8,3,0,7
1308,58,No,Travel_Rarely,Research & Development,23,4,Life Sciences,1,Male,3,1,Research Scientist,3,3,Divorced,2372,1,3,4,2,2,3,3,2,2,2,2
1768,42,No,Travel_Rarely,Research & Development,12,3,Medical,2,Male,3,1,Laboratory Technician,2,2,Divorced,2766,8,4,2,3,7,6,2,5,3,0,4
1035,41,No,Non-Travel,Research & Development,7,1,Life Sciences,2,Female,1,5,Research Director,3,3,Divorced,19973,1,4,2,2,21,3,3,21,16,5,10
855,33,No,Travel_Rarely,Sales,1,3,Medical,1,Male,4,2,Sales Executive,1,1,Divorced,4037,1,4,1,1,9,5,3,9,8,0,8
1126,43,No,Travel_Frequently,Research & Development,27,3,Life Sciences,3,Female,3,3,Manufacturing Director,1,1,Married,10820,8,3,3,1,18,1,3,8,7,0,1
150,24,No,Travel_Rarely,Research & Development,18,1,Life Sciences,2,Male,3,1,Laboratory Technician,3,3,Married,2774,0,3,3,1,6,2,3,5,3,1,2
698,54,No,Travel_Rarely,Human Resources,19,4,Medical,3,Male,3,3,Human Resources,2,2,Married,10725,2,3,3,1,16,1,4,9,7,7,1
137,20,Yes,Travel_Frequently,Research & Development,6,3,Life Sciences,4,Female,2,1,Laboratory Technician,3,4,Single,2926,1,3,2,0,1,5,3,1,0,1,0
1591,50,No,Travel_Rarely,Sales,9,3,Marketing,3,Male,3,5,Manager,3,3,Married,19331,4,3,3,1,27,2,3,1,0,0,0
1539,50,No,Travel_Frequently,Research & Development,22,5,Medical,3,Male,1,4,Research Director,3,4,Single,14411,1,3,4,0,32,2,3,32,6,13,9
275,49,No,Non-Travel,Research & Development,18,4,Life Sciences,4,Male,3,2,Manufacturing Director,3,4,Divorced,6804,1,3,1,2,7,0,3,7,7,1,7
249,50,No,Travel_Rarely,Research & Development,1,3,Medical,3,Male,2,1,Laboratory Technician,3,3,Married,3690,2,3,4,1,5,2,2,3,2,0,2
206,45,No,Travel_Rarely,Research & Development,9,3,Life Sciences,2,Male,3,2,Laboratory Technician,2,2,Divorced,2348,8,3,3,1,20,2,1,17,9,0,15
1615,34,No,Travel_Frequently,Research & Development,10,4,Life Sciences,3,Male,4,2,Manufacturing Director,3,4,Divorced,4724,1,3,1,1,9,3,3,9,7,7,2
880,35,No,Travel_Rarely,Research & Development,9,3,Life Sciences,4,Female,2,3,Manufacturing Director,3,3,Married,10685,1,4,2,1,17,2,3,17,14,5,15
392,44,Yes,Travel_Frequently,Research & Development,24,3,Life Sciences,4,Male,3,1,Laboratory Technician,3,3,Divorced,3161,3,4,4,1,19,0,1,1,0,0,0
1482,30,No,Non-Travel,Research & Development,7,3,Technical Degree,3,Male,3,1,Research Scientist,3,3,Divorced,1274,1,3,2,2,1,2,2,1,0,0,0
27,36,Yes,Travel_Rarely,Sales,9,4,Life Sciences,3,Male,2,1,Sales Representative,1,1,Single,3407,7,4,2,0,10,4,3,5,3,0,3
954,40,No,Travel_Rarely,Sales,10,4,Marketing,1,Male,2,3,Sales Executive,2,2,Divorced,9705,2,3,2,1,11,2,2,1,0,0,0
444,39,No,Travel_Frequently,Research & Development,7,2,Medical,3,Male,2,5,Manager,3,4,Married,19272,1,3,1,1,21,2,3,21,9,13,3
1611,45,No,Travel_Rarely,Research & Development,5,5,Medical,3,Female,1,2,Laboratory Technician,1,1,Single,5769,1,3,1,0,10,3,3,10,7,1,4
494,21,Yes,Travel_Rarely,Sales,12,3,Life Sciences,3,Female,4,1,Sales Representative,2,2,Single,2716,1,3,4,0,1,0,3,1,0,0,0
957,41,No,Travel_Rarely,Research & Development,6,3,Medical,4,Male,3,1,Laboratory Technician,1,1,Single,4721,2,3,3,0,20,3,3,18,13,2,17
233,27,No,Travel_Rarely,Research & Development,17,3,Technical Degree,3,Male,3,1,Research Scientist,2,2,Married,3058,0,3,4,1,6,3,2,5,2,1,1
1231,42,No,Non-Travel,Human Resources,2,5,Medical,4,Male,4,2,Human Resources,1,1,Married,6272,7,3,1,1,10,3,4,4,3,0,3
1898,27,No,Travel_Rarely,Sales,2,2,Medical,1,Female,4,2,Sales Executive,3,3,Single,6500,0,3,2,0,9,5,2,8,7,0,7
32,53,No,Travel_Rarely,Research & Development,5,3,Other,3,Female,3,5,Manager,3,3,Divorced,19094,4,3,4,1,26,3,2,14,13,4,8
447,47,No,Travel_Rarely,Research & Development,5,5,Life Sciences,4,Male,3,5,Research Director,3,3,Married,18300,4,3,2,1,21,2,3,3,2,1,1
1148,42,No,Travel_Rarely,Research & Development,29,3,Medical,2,Male,1,2,Laboratory Technician,3,4,Single,4272,4,3,1,0,16,3,3,1,0,0,0
1250,54,No,Travel_Rarely,Research & Development,3,3,Life Sciences,4,Male,3,4,Research Director,3,4,Married,17779,3,3,1,0,36,2,3,10,9,0,9
373,36,No,Travel_Rarely,Research & Development,6,3,Life Sciences,4,Male,3,1,Laboratory Technician,3,4,Married,3210,0,3,3,1,16,4,3,15,13,10,11
1755,34,No,Travel_Rarely,Research & Development,2,4,Medical,4,Male,4,1,Research Scientist,3,4,Married,2932,0,3,1,3,6,3,3,5,0,1,2
896,29,Yes,Travel_Rarely,Sales,1,3,Medical,2,Female,2,1,Sales Representative,3,3,Divorced,2800,6,3,3,3,5,3,3,3,2,0,2
1753,29,No,Travel_Frequently,Research & Development,1,3,Life Sciences,4,Male,4,2,Healthcare Representative,3,3,Single,6294,8,3,4,0,10,5,4,3,2,0,2
1407,26,No,Travel_Rarely,Research & Development,2,1,Medical,1,Male,2,1,Research Scientist,3,4,Single,3904,0,3,4,0,5,2,3,4,3,1,1
1111,28,Yes,Travel_Frequently,Research & Development,1,3,Medical,1,Male,2,1,Laboratory Technician,2,2,Divorced,2596,1,3,1,2,1,2,3,1,0,0,0
1006,38,No,Travel_Frequently,Research & Development,10,1,Medical,3,Male,3,1,Research Scientist,3,3,Married,2684,0,3,2,1,3,0,2,2,1,0,2
669,21,No,Travel_Rarely,Sales,22,1,Technical Degree,3,Male,3,1,Sales Representative,3,3,Single,3447,1,3,3,0,3,2,3,3,2,1,2
1882,34,No,Travel_Rarely,Sales,4,3,Life Sciences,3,Male,3,3,Sales Executive,3,4,Married,9713,2,3,4,3,9,3,3,5,3,1,0
507,24,No,Travel_Rarely,Sales,10,4,Marketing,4,Female,3,2,Sales Executive,3,3,Divorced,4260,1,3,4,1,5,2,4,5,2,0,3
1066,40,No,Travel_Rarely,Sales,26,3,Marketing,3,Male,3,2,Sales Executive,1,1,Married,8396,1,3,2,1,8,3,2,7,7,7,5
1641,40,No,Travel_Rarely,Research & Development,16,3,Life Sciences,3,Female,3,3,Manufacturing Director,3,4,Single,7945,6,3,4,0,18,2,2,4,2,3,3
1678,41,No,Travel_Rarely,Sales,23,2,Life Sciences,4,Male,3,3,Sales Executive,3,3,Single,7082,3,3,4,0,21,2,3,2,0,0,2
564,29,No,Travel_Rarely,Research & Development,3,4,Medical,2,Male,2,3,Research Director,3,3,Married,11935,1,3,3,0,10,2,3,10,2,0,7
1752,29,Yes,Travel_Rarely,Sales,9,3,Marketing,2,Female,1,1,Sales Representative,2,2,Single,2760,1,3,3,0,2,3,3,2,2,2,2
1352,51,No,Travel_Rarely,Human Resources,5,3,Life Sciences,3,Male,3,4,Manager,2,2,Divorced,14026,1,3,2,1,33,2,3,33,9,0,10
1735,23,No,Travel_Rarely,Research & Development,4,1,Medical,3,Female,3,1,Laboratory Technician,2,2,Single,3295,1,3,3,0,3,3,1,3,2,1,2
319,42,No,Travel_Rarely,Research & Development,4,2,Technical Degree,3,Male,3,5,Manager,3,4,Married,19232,1,3,4,0,22,3,3,22,17,11,15
1212,40,No,Travel_Frequently,Sales,2,4,Medical,2,Male,3,2,Sales Executive,2,2,Married,4327,5,3,4,3,5,2,3,0,0,0,0
2053,29,No,Travel_Rarely,Research & Development,13,2,Other,4,Male,2,2,Laboratory Technician,2,2,Married,4025,4,3,1,1,10,2,3,4,3,0,3
878,36,No,Travel_Rarely,Human Resources,8,3,Life Sciences,1,Male,2,1,Human Resources,1,1,Married,2342,0,4,3,0,6,3,3,5,4,0,3
1046,32,No,Non-Travel,Research & Development,29,4,Medical,4,Female,3,1,Laboratory Technician,3,3,Single,4025,9,3,2,0,10,2,3,8,7,7,7
1658,34,No,Travel_Rarely,Research & Development,3,3,Life Sciences,4,Female,3,2,Research Scientist,2,2,Divorced,5433,1,3,3,1,11,2,3,11,8,7,9
1821,46,Yes,Travel_Rarely,Research & Development,21,2,Medical,4,Female,3,2,Healthcare Representative,2,2,Married,8926,4,4,4,1,13,2,4,9,7,3,7
1270,23,No,Travel_Rarely,Research & Development,1,2,Life Sciences,4,Male,3,1,Research Scientist,3,3,Married,1223,1,4,4,1,1,2,3,1,0,0,1
171,43,No,Travel_Frequently,Research & Development,28,3,Medical,2,Female,4,1,Research Scientist,3,3,Single,4739,4,3,4,0,18,2,3,3,2,1,2
1396,32,No,Travel_Rarely,Sales,2,1,Marketing,3,Male,3,2,Sales Executive,2,2,Married,4078,0,3,1,3,4,3,2,3,2,1,2
1295,44,Yes,Travel_Rarely,Research & Development,15,3,Medical,1,Female,3,3,Healthcare Representative,3,4,Married,7978,1,3,4,1,10,2,3,10,7,0,5
661,43,No,Travel_Rarely,Research & Development,6,4,Other,2,Male,2,4,Research Director,3,4,Divorced,16627,4,3,3,1,21,3,2,1,0,0,0
433,52,Yes,Travel_Rarely,Research & Development,8,4,Medical,3,Male,2,2,Research Scientist,2,2,Married,4941,2,3,1,0,11,3,2,8,2,7,7
1625,47,No,Travel_Rarely,Human Resources,26,4,Life Sciences,4,Female,3,5,Manager,3,3,Married,19658,3,3,3,1,27,2,3,5,2,1,0
1275,26,No,Travel_Rarely,Research & Development,4,2,Life Sciences,3,Male,3,1,Research Scientist,3,4,Single,2875,1,4,2,0,8,2,2,8,5,2,2
1878,22,Yes,Travel_Rarely,Research & Development,7,1,Life Sciences,4,Male,3,1,Research Scientist,2,2,Single,2472,1,4,1,0,1,2,3,1,0,0,0
784,23,No,Travel_Rarely,Research & Development,10,1,Medical,1,Male,4,1,Research Scientist,3,3,Single,3505,1,3,4,0,2,3,3,2,2,0,2
2008,35,No,Travel_Rarely,Research & Development,9,4,Medical,2,Male,3,2,Research Scientist,3,3,Single,5098,1,3,2,0,10,5,3,10,7,0,8
2022,39,No,Non-Travel,Research & Development,9,3,Life Sciences,4,Male,3,5,Manager,3,4,Single,19431,2,3,3,0,21,3,2,6,0,1,3
451,43,No,Travel_Rarely,Research & Development,7,3,Life Sciences,3,Female,3,3,Healthcare Representative,1,1,Married,9985,8,3,1,1,10,1,2,1,0,0,0
1576,48,No,Travel_Rarely,Research & Development,15,4,Other,3,Female,3,1,Research Scientist,1,1,Married,2367,8,3,4,1,10,3,2,8,2,7,6
916,28,No,Travel_Rarely,Sales,5,4,Medical,1,Male,3,2,Sales Executive,3,4,Single,4908,1,3,2,0,4,3,3,4,2,0,2
207,32,No,Travel_Frequently,Sales,8,3,Marketing,2,Female,3,3,Sales Executive,3,4,Single,8998,1,3,4,0,9,2,3,9,8,3,7
1220,33,No,Travel_Frequently,Sales,25,3,Medical,2,Female,3,2,Sales Executive,3,3,Married,4539,1,3,1,1,10,3,2,10,7,0,1
868,37,No,Travel_Rarely,Sales,16,4,Marketing,4,Male,2,2,Sales Executive,3,3,Divorced,6334,4,3,4,2,9,2,3,1,0,0,0
1746,24,No,Travel_Frequently,Human Resources,10,3,Medical,1,Male,3,1,Human Resources,3,4,Married,2145,0,3,4,1,3,2,3,2,2,2,1
2052,35,No,Travel_Rarely,Research & Development,1,4,Life Sciences,3,Female,1,1,Research Scientist,3,4,Married,2977,1,3,4,1,4,5,3,4,3,1,1
477,42,No,Travel_Rarely,Research & Development,2,4,Other,1,Male,2,2,Healthcare Representative,3,4,Single,6781,3,4,2,0,14,6,3,1,0,0,0
1682,36,No,Travel_Rarely,Research & Development,26,4,Life Sciences,1,Male,3,2,Healthcare Representative,3,3,Married,5347,6,3,2,2,10,2,2,3,2,0,2
291,32,Yes,Travel_Rarely,Sales,4,4,Medical,4,Male,1,3,Sales Executive,3,4,Married,10400,1,3,3,0,14,2,2,14,8,9,8
1739,32,No,Travel_Rarely,Sales,19,3,Life Sciences,4,Male,1,3,Sales Executive,3,3,Married,9610,3,3,3,1,10,2,1,4,3,0,2
96,32,No,Travel_Rarely,Research & Development,1,3,Life Sciences,2,Male,3,2,Research Scientist,2,2,Married,6220,1,3,2,2,10,3,3,10,4,0,9
353,51,No,Travel_Rarely,Research & Development,1,3,Life Sciences,3,Male,3,1,Research Scientist,3,4,Married,2723,1,3,2,0,1,0,2,1,0,0,0
1304,32,No,Travel_Rarely,Sales,8,3,Medical,3,Male,4,2,Sales Executive,3,4,Married,6209,1,3,3,2,10,4,4,10,7,0,8
2010,32,No,Travel_Rarely,Research & Development,29,4,Life Sciences,3,Female,2,1,Laboratory Technician,2,2,Single,2837,1,3,3,0,6,3,3,6,2,4,1
793,29,No,Travel_Rarely,Research & Development,27,3,Medical,2,Female,3,2,Healthcare Representative,3,3,Married,4335,4,3,1,1,11,3,2,8,7,1,1
677,33,No,Travel_Rarely,Sales,8,4,Marketing,3,Male,3,2,Sales Executive,3,3,Divorced,7104,0,3,4,0,6,3,3,5,0,1,2
380,37,No,Non-Travel,Research & Development,1,4,Medical,1,Female,3,3,Research Director,3,4,Divorced,13603,2,3,1,2,15,2,3,5,2,0,2
845,35,No,Travel_Rarely,Research & Development,7,3,Other,3,Male,3,3,Manufacturing Director,3,3,Single,10221,3,4,2,0,17,3,4,8,5,1,6
1667,35,Yes,Travel_Frequently,Sales,12,4,Other,4,Male,3,2,Sales Executive,3,4,Single,4581,3,4,1,0,13,2,4,11,9,6,7
1938,58,No,Travel_Rarely,Sales,21,3,Life Sciences,4,Female,3,4,Manager,3,4,Married,17875,4,3,3,1,29,2,2,1,0,0,0
378,37,No,Travel_Rarely,Sales,6,4,Medical,3,Male,3,2,Sales Executive,3,4,Married,6502,4,3,2,1,7,5,4,5,4,0,1
1277,45,Yes,Travel_Rarely,Sales,2,3,Marketing,1,Female,1,5,Manager,2,2,Single,18824,2,3,1,0,26,2,3,24,10,1,11
691,35,No,Travel_Rarely,Research & Development,6,4,Life Sciences,2,Male,1,2,Research Scientist,3,4,Single,6646,1,3,2,0,17,3,3,17,11,11,8
1286,28,No,Travel_Frequently,Research & Development,1,4,Medical,4,Male,3,1,Laboratory Technician,3,3,Single,2154,0,3,3,0,5,2,2,4,2,0,2
1794,37,No,Travel_Rarely,Human Resources,8,2,Other,3,Male,3,2,Human Resources,2,2,Divorced,4071,2,3,3,0,19,4,2,10,0,4,7
1028,35,No,Travel_Rarely,Research & Development,10,3,Other,2,Male,3,1,Laboratory Technician,3,4,Divorced,3917,1,4,1,1,3,4,2,3,2,1,2
1648,27,No,Travel_Frequently,Research & Development,2,3,Medical,4,Male,3,1,Research Scientist,3,4,Single,2580,2,3,3,0,6,0,2,4,2,1,2
1395,33,No,Travel_Frequently,Sales,5,1,Life Sciences,2,Male,3,2,Sales Executive,3,4,Married,9998,6,3,1,0,8,2,4,5,4,1,2
1317,50,No,Travel_Rarely,Research & Development,28,3,Life Sciences,4,Female,3,4,Research Director,1,1,Married,16880,4,3,2,0,25,2,3,3,2,1,2
1605,22,No,Non-Travel,Research & Development,26,2,Other,2,Female,2,1,Research Scientist,3,3,Married,2814,1,3,2,0,4,2,2,4,2,1,3
474,37,No,Travel_Rarely,Research & Development,6,3,Medical,3,Male,4,2,Research Scientist,1,1,Divorced,5974,4,3,1,2,13,2,3,7,7,6,7
1892,40,No,Travel_Rarely,Research & Development,1,4,Life Sciences,1,Male,3,4,Manager,1,1,Divorced,16823,2,3,1,1,22,3,3,19,7,11,16
145,51,No,Travel_Frequently,Research & Development,1,4,Medical,1,Female,2,3,Healthcare Representative,2,1,Single,7484,3,4,3,0,23,1,2,13,12,12,8
104,30,No,Travel_Rarely,Research & Development,1,1,Life Sciences,4,Male,2,2,Laboratory Technician,3,4,Married,5126,1,3,3,2,10,1,2,10,8,3,0
1164,35,No,Travel_Rarely,Human Resources,8,4,Technical Degree,3,Male,3,1,Human Resources,4,3,Single,4323,1,3,2,0,6,2,1,5,4,1,4
1799,28,No,Travel_Rarely,Research & Development,1,3,Life Sciences,3,Male,3,1,Research Scientist,3,4,Married,2044,1,3,3,1,5,6,4,5,3,0,3
221,28,No,Travel_Rarely,Research & Development,21,3,Medical,3,Male,3,1,Research Scientist,3,4,Married,2713,1,3,3,1,5,2,1,5,2,0,2
1845,45,No,Non-Travel,Sales,2,4,Life Sciences,3,Female,3,2,Sales Executive,4,3,Married,5154,4,4,2,2,10,3,4,8,7,5,7
1668,38,No,Travel_Frequently,Research & Development,1,3,Life Sciences,4,Male,3,2,Research Scientist,3,4,Married,4735,7,3,4,2,19,4,4,13,11,2,9
1475,44,No,Travel_Rarely,Research & Development,20,3,Life Sciences,4,Male,3,1,Research Scientist,3,2,Single,3420,1,3,3,0,6,3,2,5,2,1,3
1557,48,No,Travel_Rarely,Sales,16,4,Life Sciences,3,Female,3,2,Sales Executive,4,3,Divorced,6439,8,3,3,1,18,2,3,8,7,7,7
76,31,No,Travel_Rarely,Research & Development,7,4,Life Sciences,4,Male,3,2,Laboratory Technician,3,4,Divorced,5915,3,4,4,1,10,3,2,7,7,1,7
1650,29,No,Travel_Rarely,Sales,10,3,Medical,3,Male,2,2,Sales Executive,4,3,Single,5869,9,3,3,0,8,2,3,5,2,1,4
1864,27,No,Travel_Rarely,Sales,23,1,Medical,2,Female,2,2,Sales Representative,4,3,Married,3540,1,4,4,1,9,5,3,9,8,5,8
350,25,No,Travel_Rarely,Research & Development,1,3,Life Sciences,1,Female,3,2,Manufacturing Director,4,3,Married,4898,0,3,4,2,5,3,3,4,2,1,2
1689,53,No,Travel_Rarely,Research & Development,24,4,Medical,2,Male,4,3,Healthcare Representative,3,4,Married,7005,3,3,3,0,11,2,3,4,3,1,2
466,41,No,Travel_Rarely,Research & Development,6,3,Medical,4,Male,2,2,Manufacturing Director,3,2,Single,6032,6,3,4,0,8,3,3,5,4,1,2
361,38,No,Non-Travel,Sales,2,2,Life Sciences,4,Male,2,2,Sales Executive,3,4,Married,5249,3,3,4,1,13,0,3,8,7,7,5
1154,28,No,Travel_Frequently,Research & Development,6,3,Life Sciences,3,Male,2,1,Research Scientist,4,3,Divorced,2703,1,3,4,1,3,2,3,3,1,0,2
1754,30,No,Travel_Rarely,Sales,15,2,Marketing,3,Male,2,3,Sales Executive,2,1,Divorced,7140,2,3,1,1,12,2,3,7,7,1,7
1847,36,No,Travel_Rarely,Research & Development,2,4,Other,4,Female,3,2,Research Scientist,3,2,Married,6962,4,4,4,1,15,2,3,1,0,0,0
1973,55,No,Travel_Rarely,Human Resources,26,4,Human Resources,3,Male,4,5,Manager,3,2,Married,19636,4,3,1,1,35,0,3,10,9,1,4
648,30,Yes,Travel_Frequently,Sales,12,4,Life Sciences,2,Male,2,1,Sales Representative,2,1,Married,2033,1,3,3,1,1,2,4,1,0,0,0
1997,38,No,Travel_Frequently,Research & Development,6,4,Life Sciences,1,Male,2,2,Manufacturing Director,4,3,Married,5321,2,3,4,1,10,1,3,8,3,7,7
121,30,No,Travel_Rarely,Sales,4,2,Medical,3,Female,2,2,Sales Executive,3,2,Divorced,5209,1,3,2,3,11,4,2,11,8,2,7
352,40,No,Travel_Rarely,Research & Development,2,2,Medical,1,Male,3,5,Research Director,4,3,Divorced,19436,0,3,4,1,22,5,3,21,7,3,9
625,41,No,Travel_Rarely,Sales,2,5,Life Sciences,2,Female,3,4,Manager,2,1,Married,16595,7,3,2,1,22,2,3,18,16,11,8
902,43,No,Travel_Frequently,Research & Development,1,3,Life Sciences,4,Female,3,2,Healthcare Representative,3,4,Married,5562,4,3,2,1,12,2,2,5,2,2,2
549,60,No,Travel_Rarely,Research & Development,7,3,Life Sciences,1,Female,3,5,Manager,2,1,Married,19566,5,3,4,0,33,5,1,29,8,11,10
532,56,No,Travel_Frequently,Sales,6,3,Life Sciences,3,Female,4,4,Sales Executive,2,1,Married,13212,9,3,4,3,36,0,2,7,7,7,7
1596,35,No,Travel_Rarely,Research & Development,28,3,Life Sciences,2,Male,4,2,Laboratory Technician,4,3,Married,3407,1,3,4,2,10,3,2,10,9,6,8
103,46,No,Travel_Rarely,Human Resources,5,2,Medical,2,Male,3,2,Human Resources,3,2,Divorced,5021,8,4,4,1,16,2,3,4,2,0,2
1542,42,No,Travel_Rarely,Research & Development,2,3,Medical,3,Male,2,1,Laboratory Technician,3,2,Married,4841,4,3,2,1,4,3,3,1,0,0,0
608,26,Yes,Travel_Frequently,Human Resources,17,4,Life Sciences,2,Female,3,1,Human Resources,4,3,Divorced,2741,0,3,2,1,8,2,2,7,7,1,0
1706,43,No,Travel_Rarely,Sales,2,3,Medical,4,Male,3,2,Sales Executive,3,4,Married,7847,1,3,1,1,10,3,3,10,9,8,8
1097,28,No,Travel_Rarely,Research & Development,10,3,Other,3,Female,3,2,Research Scientist,4,3,Single,3660,3,3,4,0,10,4,4,8,7,1,7
1992,25,No,Travel_Rarely,Research & Development,2,1,Other,4,Male,3,1,Laboratory Technician,4,3,Divorced,3977,6,3,3,1,7,2,2,2,2,0,2
1163,34,No,Travel_Rarely,Sales,9,1,Life Sciences,2,Female,3,2,Sales Executive,4,3,Married,5714,1,4,1,0,6,3,2,6,5,1,3
944,49,No,Travel_Rarely,Research & Development,8,2,Other,1,Female,3,3,Laboratory Technician,3,2,Married,7403,4,3,3,1,29,3,2,26,9,1,7
1092,40,No,Travel_Rarely,Research & Development,20,4,Technical Degree,1,Male,3,3,Healthcare Representative,3,4,Married,10322,4,4,4,1,14,6,3,11,10,11,1
19,28,Yes,Travel_Rarely,Research & Development,24,3,Life Sciences,3,Male,2,1,Laboratory Technician,4,3,Single,2028,5,3,2,0,6,4,3,4,2,0,3
208,29,No,Non-Travel,Research & Development,1,1,Technical Degree,4,Male,3,2,Manufacturing Director,4,3,Married,4319,1,3,1,1,10,1,3,10,7,0,9
204,35,No,Travel_Rarely,Sales,1,5,Marketing,3,Male,3,3,Sales Executive,3,2,Married,7295,1,3,1,2,10,3,3,10,8,0,6
2057,31,No,Non-Travel,Research & Development,5,3,Medical,2,Male,3,2,Manufacturing Director,2,1,Single,9936,0,3,2,0,10,2,3,9,4,1,7
601,40,No,Travel_Rarely,Research & Development,6,3,Life Sciences,2,Female,3,4,Manufacturing Director,4,3,Single,13237,7,3,3,0,22,3,3,20,6,5,13
749,29,No,Travel_Rarely,Sales,10,3,Life Sciences,3,Male,3,1,Sales Representative,4,3,Single,2642,1,3,3,0,1,6,3,1,0,0,0
1908,36,No,Travel_Rarely,Sales,17,2,Marketing,3,Male,2,2,Sales Executive,3,2,Married,5507,2,3,3,2,12,1,1,4,2,1,3
30,21,No,Travel_Rarely,Research & Development,15,2,Life Sciences,3,Male,3,1,Research Scientist,3,4,Single,1232,1,3,4,0,0,6,3,0,0,0,0
727,32,No,Travel_Rarely,Research & Development,3,2,Life Sciences,3,Female,3,3,Research Director,3,4,Single,11159,3,3,4,0,10,6,3,7,7,7,7
163,31,Yes,Travel_Rarely,Sales,6,4,Life Sciences,2,Male,1,2,Sales Executive,4,3,Married,6172,4,3,2,0,12,3,2,7,7,7,7
1772,41,No,Travel_Rarely,Research & Development,9,4,Life Sciences,3,Male,3,1,Laboratory Technician,2,1,Divorced,2289,1,4,2,2,5,2,3,5,3,0,4
306,37,No,Travel_Frequently,Research & Development,11,3,Other,2,Male,3,3,Research Director,3,4,Divorced,12185,1,3,3,3,10,1,3,10,8,0,7
887,49,No,Travel_Rarely,Research & Development,1,3,Technical Degree,3,Female,3,1,Research Scientist,2,1,Married,3580,2,3,2,1,7,2,3,4,2,0,2
1486,28,Yes,Travel_Frequently,Sales,1,3,Technical Degree,1,Male,3,1,Sales Representative,4,3,Married,2909,3,3,4,1,5,3,4,3,2,1,2
1417,26,No,Travel_Rarely,Research & Development,7,3,Other,3,Male,4,1,Laboratory Technician,2,1,Single,3578,0,3,4,0,8,2,3,7,7,0,7
1586,29,No,Travel_Rarely,Research & Development,3,1,Medical,2,Male,3,1,Laboratory Technician,2,1,Single,4723,1,3,4,0,10,3,3,10,9,1,5
1670,33,No,Travel_Rarely,Sales,2,4,Medical,4,Male,3,2,Sales Executive,3,4,Divorced,5505,1,3,3,2,6,5,3,6,2,0,4
133,37,Yes,Travel_Rarely,Human Resources,6,4,Human Resources,3,Male,3,1,Human Resources,2,1,Divorced,2073,4,4,4,0,7,3,3,3,2,0,2
1968,53,Yes,Travel_Rarely,Sales,24,4,Life Sciences,1,Male,3,3,Sales Executive,2,1,Single,10448,6,3,2,0,15,2,2,2,2,2,2
985,39,No,Travel_Rarely,Sales,2,5,Life Sciences,1,Male,4,3,Sales Executive,4,3,Single,7880,0,3,4,0,9,3,3,8,7,0,7
1055,34,No,Travel_Rarely,Sales,10,4,Life Sciences,3,Female,3,1,Sales Representative,4,3,Married,2220,1,3,4,1,1,2,3,1,1,0,0
333,32,No,Non-Travel,Sales,26,4,Marketing,3,Male,3,2,Sales Executive,3,4,Married,4465,0,3,1,0,4,2,3,3,2,2,2
1427,31,Yes,Travel_Frequently,Sales,1,4,Life Sciences,2,Female,1,1,Sales Representative,4,3,Single,1359,1,3,2,0,1,3,3,1,0,0,0
1101,33,Yes,Travel_Frequently,Research & Development,29,4,Medical,1,Female,2,2,Research Scientist,4,3,Single,4508,1,4,2,0,14,4,3,13,7,3,8
612,33,No,Travel_Rarely,Research & Development,1,5,Medical,1,Female,4,4,Research Director,4,3,Divorced,16184,4,3,3,1,10,2,3,6,1,0,5
763,40,No,Travel_Rarely,Research & Development,2,1,Medical,4,Female,2,1,Research Scientist,3,4,Single,2342,0,4,4,0,5,2,2,4,2,2,3
142,25,Yes,Travel_Rarely,Sales,5,3,Marketing,3,Male,2,2,Sales Executive,4,3,Single,5744,1,3,4,0,6,1,3,6,4,0,3
1708,41,No,Travel_Rarely,Sales,6,3,Marketing,4,Male,3,3,Sales Executive,4,3,Single,9241,1,3,2,0,10,3,3,10,8,8,7
223,57,No,Travel_Rarely,Research & Development,24,2,Life Sciences,3,Male,4,3,Healthcare Representative,3,4,Divorced,9439,3,3,2,1,12,2,1,5,3,1,4
1664,36,No,Travel_Rarely,Research & Development,3,2,Life Sciences,4,Male,4,2,Healthcare Representative,2,1,Divorced,6842,6,4,1,1,13,3,3,5,4,0,4
700,27,No,Travel_Rarely,Research & Development,3,4,Medical,1,Male,2,1,Research Scientist,3,4,Single,2045,0,3,4,0,5,0,3,4,2,1,1
338,33,No,Travel_Rarely,Research & Development,5,4,Life Sciences,3,Female,2,1,Research Scientist,3,4,Married,2911,1,3,3,1,2,2,2,2,2,0,2
1546,45,No,Travel_Rarely,Research & Development,28,3,Technical Degree,4,Male,3,1,Research Scientist,3,4,Married,2132,4,4,4,1,8,3,3,5,4,0,3
843,43,No,Travel_Rarely,Research & Development,14,2,Life Sciences,2,Male,3,4,Research Director,2,1,Married,17159,6,4,3,1,22,3,3,4,1,1,0
227,41,No,Travel_Rarely,Research & Development,14,3,Life Sciences,1,Male,3,1,Research Scientist,4,3,Divorced,2451,4,3,1,1,13,2,3,9,8,1,8
321,59,No,Travel_Rarely,Human Resources,6,2,Medical,2,Male,3,1,Human Resources,4,3,Married,2267,8,3,4,0,7,2,2,2,2,2,2
547,42,No,Travel_Frequently,Research & Development,29,2,Life Sciences,1,Female,3,2,Research Scientist,4,3,Divorced,4556,2,3,2,1,19,3,3,5,4,0,2
587,31,Yes,Travel_Frequently,Research & Development,20,3,Life Sciences,1,Male,3,3,Healthcare Representative,4,3,Married,9824,3,3,1,0,12,2,3,1,0,0,0
998,33,No,Travel_Frequently,Research & Development,1,4,Other,3,Female,4,2,Healthcare Representative,3,2,Married,5488,1,3,1,1,6,2,3,6,5,1,2
485,33,Yes,Travel_Rarely,Sales,5,3,Marketing,4,Female,3,1,Sales Representative,4,3,Single,2851,1,3,2,0,1,2,3,1,0,0,0
829,36,No,Travel_Rarely,Human Resources,13,3,Human Resources,3,Male,3,1,Human Resources,3,2,Married,2143,4,3,2,1,8,2,3,5,2,0,4
2003,35,No,Travel_Rarely,Research & Development,11,4,Medical,4,Male,3,1,Laboratory Technician,4,3,Married,2660,7,3,3,1,5,3,3,2,2,2,2
47,50,Yes,Travel_Rarely,Sales,3,2,Marketing,1,Male,2,1,Sales Representative,4,3,Married,2683,1,3,3,0,3,2,3,3,2,0,2
1073,36,No,Travel_Rarely,Research & Development,12,5,Medical,4,Female,2,3,Manufacturing Director,3,4,Single,8858,0,3,2,0,15,2,2,14,8,7,8
73,33,No,Travel_Frequently,Research & Development,1,2,Life Sciences,1,Female,3,3,Research Director,3,4,Single,13458,1,3,3,0,15,1,3,15,14,8,12
616,41,No,Non-Travel,Research & Development,2,4,Other,1,Female,2,2,Healthcare Representative,4,3,Single,6811,2,3,1,0,10,3,3,8,7,0,7
741,28,Yes,Travel_Rarely,Research & Development,1,2,Life Sciences,1,Female,1,1,Research Scientist,3,2,Single,2216,7,3,4,0,10,4,3,7,7,3,7
198,30,No,Travel_Rarely,Research & Development,2,1,Medical,2,Male,2,1,Laboratory Technician,3,4,Single,2720,0,3,4,0,6,3,3,5,3,1,2
574,47,No,Travel_Rarely,Research & Development,2,2,Medical,1,Female,3,2,Manufacturing Director,3,4,Divorced,5070,5,3,3,3,20,2,3,5,0,0,4
386,53,No,Travel_Rarely,Research & Development,3,4,Medical,3,Male,3,4,Research Director,4,3,Married,17584,3,3,4,3,21,5,2,5,3,1,3
730,53,No,Travel_Rarely,Research & Development,7,3,Life Sciences,3,Male,4,4,Research Director,4,3,Married,14814,3,3,3,0,32,3,3,5,1,1,3
1135,31,No,Travel_Frequently,Sales,20,3,Life Sciences,3,Male,4,1,Sales Representative,3,4,Married,2791,0,3,1,1,3,4,3,2,2,2,2
1574,32,No,Non-Travel,Research & Development,1,4,Technical Degree,4,Male,3,2,Research Scientist,2,1,Married,4087,4,3,2,1,9,3,2,6,5,1,2
1279,21,Yes,Travel_Frequently,Research & Development,10,2,Life Sciences,1,Female,2,1,Laboratory Technician,4,3,Single,2625,1,4,3,0,2,2,1,2,2,2,2
1696,34,No,Travel_Rarely,Research & Development,5,2,Medical,2,Male,2,2,Laboratory Technician,3,4,Married,3986,1,3,3,1,15,3,4,15,10,4,13
57,30,No,Travel_Frequently,Research & Development,1,2,Medical,3,Female,3,2,Laboratory Technician,3,4,Single,4011,1,4,4,0,12,2,3,12,8,3,7
1443,47,No,Travel_Rarely,Research & Development,2,4,Medical,1,Female,3,4,Research Director,4,3,Married,17169,3,3,2,2,26,2,4,20,17,5,6
1423,58,No,Travel_Rarely,Research & Development,1,3,Medical,4,Female,3,5,Research Director,2,1,Married,19701,3,4,3,1,32,3,3,9,8,1,5
434,27,No,Travel_Rarely,Research & Development,5,3,Life Sciences,3,Female,3,1,Research Scientist,3,2,Single,2478,1,3,2,0,4,2,2,4,3,1,2
1157,33,Yes,Travel_Rarely,Sales,9,4,Marketing,1,Female,3,2,Sales Executive,2,1,Single,8224,0,3,1,0,6,3,3,5,2,0,3
425,45,No,Travel_Frequently,Research & Development,7,3,Life Sciences,1,Male,3,3,Laboratory Technician,2,1,Divorced,5210,1,3,1,1,24,2,3,24,9,9,11
518,37,No,Travel_Rarely,Research & Development,10,4,Life Sciences,3,Male,3,2,Manufacturing Director,3,2,Single,4197,2,3,4,0,18,2,2,1,0,0,1
1792,44,Yes,Travel_Frequently,Research & Development,1,2,Medical,3,Male,3,1,Research Scientist,3,2,Divorced,2342,1,3,3,3,6,2,2,5,3,2,3
1043,39,No,Travel_Frequently,Research & Development,22,3,Medical,4,Female,3,3,Manufacturing Director,2,1,Single,10880,1,3,3,0,21,2,3,21,6,2,8
515,37,No,Travel_Rarely,Research & Development,14,3,Life Sciences,4,Female,3,1,Laboratory Technician,2,1,Divorced,3034,1,3,3,1,18,2,2,18,7,12,17
1684,23,Yes,Travel_Rarely,Research & Development,8,1,Medical,4,Male,2,1,Laboratory Technician,4,3,Single,3989,1,3,1,0,5,2,3,5,4,1,2
1507,28,No,Travel_Frequently,Sales,7,3,Life Sciences,3,Male,3,2,Sales Executive,2,1,Single,4898,0,3,4,0,5,5,3,4,2,1,3
635,37,No,Travel_Rarely,Research & Development,1,4,Life Sciences,2,Female,3,2,Manufacturing Director,3,2,Married,6447,6,3,2,1,8,2,2,6,5,4,3
1627,39,No,Travel_Rarely,Research & Development,3,2,Medical,3,Male,2,2,Laboratory Technician,4,3,Divorced,3069,0,3,4,1,11,3,3,10,8,0,7
4,37,Yes,Travel_Rarely,Research & Development,2,2,Other,4,Male,2,1,Laboratory Technician,4,3,Single,2090,6,3,2,0,7,3,3,0,0,0,0
947,31,No,Non-Travel,Sales,20,2,Marketing,4,Female,3,2,Sales Executive,4,3,Married,6932,1,3,4,1,9,2,2,9,8,0,0
1382,38,No,Travel_Frequently,Research & Development,7,3,Life Sciences,4,Male,4,1,Research Scientist,4,3,Divorced,2610,1,3,4,3,4,2,3,4,2,0,3
1062,37,No,Travel_Rarely,Research & Development,3,3,Other,4,Female,3,2,Healthcare Representative,3,2,Single,4107,3,3,1,0,8,3,2,4,3,0,1
1099,33,No,Travel_Rarely,Research & Development,5,3,Life Sciences,4,Male,2,3,Healthcare Representative,3,4,Divorced,7119,4,3,3,1,9,2,3,3,2,1,2
1383,34,No,Travel_Rarely,Research & Development,2,4,Technical Degree,3,Female,3,2,Healthcare Representative,3,4,Single,6687,1,3,4,0,14,2,4,14,11,4,11
888,24,No,Non-Travel,Research & Development,4,1,Life Sciences,1,Male,2,1,Laboratory Technician,3,4,Married,3162,0,3,4,0,6,2,2,5,2,3,4
644,50,No,Travel_Frequently,Human Resources,3,3,Medical,1,Male,3,5,Manager,3,2,Married,18200,1,3,3,1,32,2,3,32,5,10,7
202,40,No,Travel_Frequently,Research & Development,26,3,Medical,2,Female,3,2,Research Scientist,3,2,Divorced,5605,1,3,1,1,20,2,3,20,7,2,13
909,39,No,Travel_Rarely,Human Resources,2,3,Life Sciences,4,Female,2,2,Human Resources,3,4,Married,5204,8,3,3,2,13,2,3,5,4,0,4
1421,29,Yes,Travel_Frequently,Research & Development,14,1,Other,3,Female,3,3,Healthcare Representative,3,4,Single,7553,0,3,1,0,9,1,3,8,7,7,7
431,49,No,Travel_Rarely,Research & Development,1,2,Technical Degree,3,Female,2,4,Healthcare Representative,4,3,Single,13964,7,3,4,0,25,2,3,7,1,0,7
395,28,No,Travel_Rarely,Research & Development,8,2,Life Sciences,4,Female,3,1,Research Scientist,3,4,Single,3310,1,4,4,0,5,3,3,5,3,0,2
1226,20,No,Travel_Rarely,Sales,21,3,Marketing,3,Male,4,1,Sales Representative,3,4,Single,2678,1,3,4,0,2,2,3,2,1,2,2
411,18,No,Travel_Rarely,Sales,10,3,Medical,4,Female,2,1,Sales Representative,4,3,Single,1200,1,3,1,0,0,2,3,0,0,0,0
302,45,No,Non-Travel,Sales,6,3,Medical,4,Female,2,3,Sales Executive,3,4,Single,8865,6,3,4,0,23,2,3,19,7,12,8
1011,31,No,Travel_Frequently,Research & Development,1,1,Life Sciences,3,Female,3,2,Manufacturing Director,2,1,Married,4148,1,3,3,1,4,1,3,4,3,0,3
148,54,No,Non-Travel,Human Resources,26,3,Human Resources,4,Female,4,4,Manager,3,4,Single,17328,2,3,3,0,23,3,3,5,3,4,4
630,52,No,Travel_Rarely,Research & Development,6,2,Technical Degree,4,Male,3,2,Research Scientist,2,1,Divorced,5577,3,3,2,2,18,3,3,10,9,6,9
1999,41,No,Travel_Rarely,Research & Development,1,3,Life Sciences,4,Male,3,1,Research Scientist,3,4,Married,2782,3,4,1,1,12,3,3,5,3,1,0
246,31,No,Travel_Rarely,Research & Development,12,1,Medical,3,Female,3,1,Research Scientist,3,4,Married,3929,8,4,3,1,7,0,3,4,2,0,2
216,34,No,Travel_Frequently,Sales,2,4,Marketing,3,Female,3,1,Sales Representative,4,3,Married,2231,6,3,4,1,6,3,3,4,3,1,2
1607,32,Yes,Travel_Rarely,Research & Development,5,4,Other,2,Female,4,1,Research Scientist,3,4,Married,3312,3,3,4,2,6,3,3,3,2,0,2
170,49,Yes,Travel_Rarely,Research & Development,20,4,Medical,3,Female,3,2,Manufacturing Director,2,1,Married,6567,1,3,3,0,16,2,2,15,11,5,11
1911,42,No,Travel_Rarely,Research & Development,6,3,Medical,3,Male,3,3,Research Director,2,1,Married,13348,9,3,2,1,18,3,4,13,7,5,7
1852,29,No,Travel_Frequently,Research & Development,20,1,Medical,4,Male,3,1,Laboratory Technician,3,4,Married,3812,1,3,2,0,11,3,4,11,8,3,10
1036,38,No,Travel_Rarely,Sales,3,4,Life Sciences,2,Male,3,2,Sales Executive,3,4,Single,6861,8,3,3,0,19,1,3,1,0,0,0
1358,25,No,Travel_Rarely,Research & Development,19,1,Medical,4,Male,3,1,Laboratory Technician,3,4,Married,3669,3,3,3,3,7,6,2,3,2,1,2
303,54,Yes,Travel_Rarely,Sales,3,3,Marketing,4,Female,3,2,Sales Executive,2,1,Married,5940,2,3,4,1,16,4,3,6,2,0,5
599,41,No,Non-Travel,Sales,10,2,Life Sciences,4,Male,3,2,Sales Executive,3,4,Single,6230,7,3,4,0,16,3,3,14,3,1,10
1642,44,No,Travel_Frequently,Human Resources,1,5,Human Resources,1,Male,3,2,Human Resources,3,4,Married,5743,4,3,3,0,14,3,3,10,7,0,2
981,53,No,Travel_Rarely,Sales,2,2,Medical,3,Male,3,4,Manager,4,3,Divorced,14852,6,3,3,1,22,3,4,17,13,15,2
54,27,Yes,Travel_Rarely,Research & Development,2,4,Life Sciences,4,Female,3,1,Laboratory Technician,2,1,Divorced,2341,1,3,4,1,1,6,3,1,0,0,0
1221,36,No,Travel_Rarely,Research & Development,6,4,Life Sciences,3,Male,1,1,Laboratory Technician,4,3,Divorced,2741,1,3,3,1,7,4,3,7,7,1,7
1728,35,No,Travel_Rarely,Research & Development,27,4,Life Sciences,4,Male,3,2,Manufacturing Director,4,3,Married,6883,2,3,2,1,17,3,3,7,7,0,7
1254,59,Yes,Travel_Rarely,Sales,3,3,Life Sciences,3,Female,2,2,Sales Executive,3,4,Single,5171,5,3,4,0,13,2,3,6,1,0,5
475,30,Yes,Non-Travel,Sales,25,2,Technical Degree,4,Female,3,2,Sales Executive,4,3,Married,4736,7,3,2,1,4,2,4,2,2,2,2
786,34,No,Travel_Rarely,Sales,2,3,Other,4,Male,3,2,Sales Executive,3,4,Single,6274,1,4,3,0,6,5,3,6,5,1,4
1939,32,Yes,Travel_Frequently,Research & Development,5,2,Life Sciences,1,Female,4,1,Research Scientist,4,3,Single,2432,3,3,1,0,8,2,3,4,1,0,3
1998,42,No,Travel_Rarely,Research & Development,18,4,Life Sciences,4,Male,3,2,Research Scientist,2,1,Divorced,5410,6,3,3,1,9,3,2,4,3,1,2
964,40,No,Travel_Frequently,Research & Development,9,4,Medical,4,Male,3,1,Research Scientist,3,2,Divorced,3617,8,3,4,1,3,2,3,1,1,0,0
1736,31,Yes,Travel_Frequently,Research & Development,24,1,Technical Degree,4,Female,3,2,Manufacturing Director,3,4,Single,5238,2,4,4,0,9,3,2,5,4,1,4
551,42,Yes,Travel_Frequently,Research & Development,28,4,Technical Degree,4,Female,2,2,Healthcare Representative,3,4,Married,4523,0,3,4,3,7,4,4,6,5,0,4
1675,38,Yes,Travel_Frequently,Research & Development,2,3,Medical,4,Female,2,1,Laboratory Technician,3,2,Single,2440,1,4,2,0,4,3,3,4,3,3,3
125,32,No,Travel_Rarely,Sales,6,4,Medical,2,Male,3,2,Sales Executive,4,3,Single,5010,1,3,1,0,12,0,3,11,8,5,7
960,20,Yes,Travel_Rarely,Research & Development,4,3,Technical Degree,1,Male,3,1,Laboratory Technician,2,1,Single,2973,1,3,2,0,1,2,3,1,0,0,0
1764,32,No,Non-Travel,Research & Development,5,4,Technical Degree,2,Male,3,1,Research Scientist,3,2,Single,2718,2,3,2,0,12,3,3,7,7,0,7
1012,18,No,Non-Travel,Research & Development,5,2,Life Sciences,2,Male,3,1,Research Scientist,3,4,Single,1051,1,3,4,0,0,2,3,0,0,0,0
632,24,No,Travel_Frequently,Sales,24,3,Medical,4,Male,3,1,Sales Representative,3,4,Married,2400,0,3,3,2,3,3,3,2,2,2,1
456,30,Yes,Travel_Rarely,Sales,5,3,Marketing,4,Female,2,2,Sales Executive,4,3,Divorced,6118,1,3,3,3,10,2,3,10,9,1,2
282,38,Yes,Travel_Rarely,Research & Development,29,1,Medical,2,Male,3,2,Healthcare Representative,2,1,Married,6673,7,3,2,0,17,2,3,1,0,0,0
1915,34,Yes,Travel_Rarely,Sales,3,1,Medical,4,Female,2,2,Sales Executive,3,4,Married,8103,3,3,3,0,9,3,2,4,2,0,1
689,37,No,Travel_Rarely,Research & Development,3,3,Other,3,Male,3,3,Manufacturing Director,4,3,Married,9434,1,3,3,1,10,2,3,10,7,7,8
1903,44,No,Travel_Rarely,Research & Development,1,4,Life Sciences,2,Male,4,2,Healthcare Representative,2,1,Married,5033,2,3,4,1,10,5,3,2,0,2,2
1360,58,Yes,Travel_Rarely,Research & Development,7,4,Medical,3,Female,2,3,Manufacturing Director,2,1,Married,10008,7,3,4,0,31,0,2,10,9,5,9
1800,39,No,Travel_Rarely,Research & Development,10,1,Medical,3,Male,3,3,Research Director,4,3,Single,13464,7,4,3,0,9,3,3,4,3,2,2
1371,27,No,Travel_Frequently,Sales,2,1,Life Sciences,4,Male,1,2,Sales Executive,3,4,Single,5071,3,4,2,0,8,3,3,6,2,0,0
945,48,No,Travel_Rarely,Research & Development,20,4,Medical,4,Male,3,1,Research Scientist,4,3,Married,2259,4,3,1,2,13,2,2,0,0,0,0
585,30,No,Travel_Rarely,Sales,7,1,Marketing,4,Male,3,1,Sales Representative,3,2,Single,2983,0,3,1,0,4,3,3,3,2,1,2
1116,48,No,Non-Travel,Research & Development,1,4,Medical,1,Male,4,4,Manager,3,4,Single,16885,2,4,3,0,27,3,2,5,4,2,1
495,29,No,Travel_Rarely,Research & Development,23,3,Life Sciences,4,Male,3,1,Research Scientist,3,4,Single,2201,9,3,4,0,6,4,3,3,2,1,2
68,44,Yes,Travel_Rarely,Sales,1,5,Marketing,2,Female,3,2,Sales Executive,2,1,Divorced,5454,5,4,3,1,9,2,2,4,3,1,3
1460,45,No,Travel_Rarely,Research & Development,20,3,Medical,2,Male,1,3,Healthcare Representative,2,1,Divorced,10851,2,3,2,1,24,2,3,7,7,0,7
420,32,No,Travel_Rarely,Sales,7,3,Life Sciences,4,Male,2,2,Sales Executive,4,3,Married,5484,1,3,3,1,13,3,2,13,8,4,8
1677,49,No,Travel_Rarely,Research & Development,1,3,Life Sciences,3,Male,3,4,Manager,4,3,Single,15379,4,3,1,0,23,2,3,8,7,0,0
177,26,Yes,Travel_Rarely,Human Resources,25,1,Life Sciences,3,Female,3,1,Human Resources,4,3,Married,2942,1,4,4,1,8,3,3,8,7,5,7
1854,42,No,Non-Travel,Research & Development,10,4,Technical Degree,3,Male,3,1,Research Scientist,4,3,Married,2936,3,4,2,2,10,1,2,6,3,3,3
1609,30,No,Travel_Rarely,Research & Development,7,3,Medical,2,Male,2,1,Research Scientist,3,2,Married,2141,1,3,2,1,6,3,2,6,4,1,1
1886,35,Yes,Travel_Rarely,Research & Development,16,2,Other,4,Female,2,2,Manufacturing Director,3,2,Married,4788,0,3,4,0,4,2,3,3,2,0,2
1548,40,No,Travel_Rarely,Sales,9,2,Medical,1,Male,3,2,Sales Executive,2,1,Married,5473,0,3,4,0,9,5,4,8,4,7,1
1333,44,Yes,Travel_Rarely,Research & Development,3,3,Life Sciences,1,Male,3,1,Laboratory Technician,2,1,Married,2362,4,3,3,0,10,4,4,3,2,1,2
543,52,No,Travel_Rarely,Research & Development,3,3,Medical,4,Male,2,3,Manufacturing Director,4,3,Married,7969,2,3,3,0,28,4,3,5,4,0,4
56,27,No,Travel_Frequently,Sales,8,3,Life Sciences,4,Male,3,3,Sales Executive,4,3,Single,8726,1,3,4,0,9,0,3,9,8,1,7
1549,33,No,Travel_Rarely,Research & Development,28,4,Life Sciences,2,Male,3,2,Laboratory Technician,4,3,Married,5207,1,3,2,1,15,3,3,15,14,5,7
1264,29,Yes,Travel_Rarely,Research & Development,1,3,Life Sciences,4,Female,2,4,Research Director,3,4,Divorced,16124,3,3,2,2,9,2,2,7,7,1,7
339,34,No,Travel_Rarely,Research & Development,2,4,Life Sciences,4,Male,2,2,Manufacturing Director,2,1,Married,5957,6,3,2,1,13,3,3,11,9,5,9
1880,36,Yes,Travel_Rarely,Sales,10,4,Technical Degree,2,Female,2,2,Sales Executive,4,3,Married,5673,1,3,1,1,10,4,3,10,9,1,7
113,23,No,Travel_Rarely,Sales,2,1,Technical Degree,3,Male,3,1,Sales Representative,2,1,Divorced,2322,3,3,3,1,3,3,3,0,0,0,0
1971,43,No,Travel_Rarely,Research & Development,11,3,Life Sciences,1,Male,3,3,Healthcare Representative,4,3,Married,7510,1,3,2,1,10,1,3,10,9,0,9
729,40,No,Travel_Frequently,Sales,5,4,Life Sciences,4,Male,2,3,Sales Executive,2,1,Married,10475,5,4,3,1,20,2,3,18,13,1,12
70,35,No,Non-Travel,Research & Development,11,2,Medical,3,Male,2,3,Healthcare Representative,2,1,Married,9884,2,3,3,1,10,3,3,4,0,2,3
1336,55,Yes,Travel_Rarely,Research & Development,2,2,Medical,4,Female,1,5,Manager,4,3,Married,19187,4,3,4,1,23,5,3,19,9,9,11
1471,44,No,Non-Travel,Research & Development,5,3,Life Sciences,3,Male,2,1,Laboratory Technician,4,3,Single,3162,3,3,4,0,7,5,3,5,2,0,3
1007,46,No,Travel_Rarely,Research & Development,7,2,Medical,4,Male,3,3,Manufacturing Director,4,3,Divorced,10845,6,3,2,1,13,3,3,8,7,0,7
1291,35,No,Travel_Rarely,Research & Development,6,1,Life Sciences,3,Male,3,1,Research Scientist,4,3,Married,3506,0,3,4,0,4,3,3,3,2,2,2
1071,56,Yes,Travel_Frequently,Research & Development,9,3,Medical,1,Female,3,1,Research Scientist,4,3,Married,2942,2,3,2,1,18,4,3,5,4,0,3
752,42,Yes,Travel_Frequently,Research & Development,19,3,Medical,3,Male,4,1,Research Scientist,4,3,Divorced,2759,6,3,4,0,7,2,3,2,2,2,2
567,30,Yes,Non-Travel,Sales,22,4,Other,3,Female,3,3,Sales Executive,2,1,Married,8412,0,3,3,0,10,3,3,9,8,7,8
987,47,No,Travel_Frequently,Research & Development,16,4,Medical,3,Male,4,2,Manufacturing Director,4,3,Divorced,5067,1,3,3,0,20,3,4,19,10,2,7